{"raw_edge": 0.7045867393278837, "sign_edge": 0.7134423251589463}