{"raw_edge": 0.8240032438203169, "sign_edge": 0.6860532835126331}