{"raw_edge": 0.615798165264146, "sign_edge": 0.565811254611027}