,raw_auc,sign_edge
0.03,0.5517500038847589,0.520313061290526
